,title,company,salary,location,link
0,Senior Software Development Engineer,Workday,,Reading,/rc/clk?jk=7fe1f899cd199cae&fccid=9ac45d217f8342a1&vjs=3
1,Software Engineer Intern,Intel,,Remote in Swindon,/rc/clk?jk=a7291f59a21b14cc&fccid=936367796261bd6e&vjs=3
2,Software Development Engineer,The University of Manchester,"£33,309 - £40,927 a year",Hybrid remote in Manchester,/rc/clk?jk=c7b1096d629d8e8c&fccid=3de99f351fb4b669&vjs=3
3,Development / Software Operations Support Engineer,Siemens,,Leigh WN7 3PT,/rc/clk?jk=30ae4f7a98616215&fccid=ea6bb53f0b18b8f2&vjs=3
4,Software Engineer (Bath or Fully Remote in UK),,,Remote in Bath,/rc/clk?jk=2aeb20327bd6ab78&fccid=2229a92974a2ebee&vjs=3
5,Senior Software Development Engineer in Test,MasterCard,,Hybrid remote in Rickmansworth,/rc/clk?jk=5f13dde5f669418e&fccid=10b5c722d846df43&vjs=3
6,UK 2022 Graduate Software Engineer,Dyson,,Hullavington,/rc/clk?jk=b5527cf63a10a13f&fccid=366382f52796fce2&vjs=3
7,Software Engineer,Visa,,Reading+1 location,/rc/clk?jk=23d510f383201242&fccid=a3f737e511d9fc8c&vjs=3
8,Junior Software Engineer (Media Services),BBC,,London W12,/rc/clk?jk=4bfcd015fdc2bdd1&fccid=40bdb3ff12c06472&vjs=3
9,Software Development Engineer in Test (SDET),Capgemini,,London,/rc/clk?jk=709c63908fe3a437&fccid=105ecfd0283f415f&vjs=3
10,Software Engineer,Siemens,,Cambridge CB2 1PH+3 locations,/rc/clk?jk=c4affc854b67c90a&fccid=ea6bb53f0b18b8f2&vjs=3
11,Software Engineer-Python,"JPMorgan Chase Bank, N.A.",,Glasgow,/rc/clk?jk=eb3d783ed98c489b&fccid=aaf3b433897ea465&vjs=3
12,Software Engineer - Java,"JPMorgan Chase Bank, N.A.",,Glasgow+1 location,/rc/clk?jk=e8670675eeabcbe9&fccid=aaf3b433897ea465&vjs=3
13,Software Engineer - Innovation Development,Visa,,London,/rc/clk?jk=451f21cf8a93a6f1&fccid=a3f737e511d9fc8c&vjs=3
14,Graduate Engineer - Research & Development,Siemens,"£28,000 a year",Chippenham SN15 1GG+1 location,/rc/clk?jk=3146ba3a0b80b917&fccid=ea6bb53f0b18b8f2&vjs=3
15,Software Development Engineer Graduate - 2022 (UK),Amazon Dev Centre (London) Ltd,,London,/rc/clk?jk=467f6d7199c94c72&fccid=fe2d21eef233e94a&vjs=3
16,Midweight Software Engineer,Coop,"£34,900 - £39,400 a year",Remote in Manchester,/rc/clk?jk=cfebc2da68384cd3&fccid=8f3114306880a2ec&vjs=3
17,Software Development Engineer,MasterCard,,Hybrid remote in Edinburgh,/rc/clk?jk=72035a8f925ce7c6&fccid=10b5c722d846df43&vjs=3
18,Software Development Engineer,Adobe,,Edinburgh,/rc/clk?jk=439efe62f908d536&fccid=f89deb5a97c7738a&vjs=3
19,Graduate Software Engineer,Cambridge Consultants Ltd,,Hybrid remote in Cambridge,/company/Cambridge-Consultants-Ltd/jobs/Graduate-Software-Engineer-87bb7fd14507ee29?fccid=dee4e12ec7e5a163&vjs=3
20,"Software Development Engineer, IMDb Content",IMDb Services Limited (UK),,Bristol,/rc/clk?jk=a13bf3afd2b82c79&fccid=fe2d21eef233e94a&vjs=3
21,CAD Engineer,THG,,Altrincham,/rc/clk?jk=47d8f1b546339d8a&fccid=64c76e512365bea7&vjs=3
22,"Software Development Engineer, Alexa International",Amazon Dev Centre (London) Ltd,,London,/rc/clk?jk=4ee1b4d13b7fe59b&fccid=fe2d21eef233e94a&vjs=3
23,Software Engineer Apprentice Program,Amex,,London+1 location,/rc/clk?jk=b7b02cba17f297cf&fccid=f057e04c37cca134&vjs=3
24,"Software Development Apprenticeship, Engineering, 2022 Septe...",Google,,London,/rc/clk?jk=4d9f6b884a2163c3&fccid=a5b4499d9e91a5c6&vjs=3
25,Junior Manufacturing Engineer,QuEST Global Engineering,"£25,000 - £35,000 a year",Wolverhampton,/rc/clk?jk=fb3db4be33f05594&fccid=ad3813e46e9342cd&vjs=3
26,Graduate Frontend Software Engineer (Summer 2022),,,London,/company/Acre/jobs/Graduate-Frontend-Software-Engineer-486d945daec6476b?fccid=a5cc4a907f3cbff8&vjs=3
27,Software Development Engineer Intern – 2022 UK,Amazon Data Services UK Ltd,,London,/rc/clk?jk=2bef5cc1e8e9b222&fccid=fe2d21eef233e94a&vjs=3
28,Research and Development: Software Engineer,,"£30,000 - £40,000 a year",Somerset,/rc/clk?jk=0516c6fc93ad05c1&fccid=3e3919f6f07dec96&vjs=3
29,Software Engineer,Live Nation,,London N1,/rc/clk?jk=761d54da0e610298&fccid=f2d0ffe36bb2f0f4&vjs=3
30,Apprentice – Software Development – Technology,Aviva,"From £21,500 a year",Remote in York+3 locations,/company/Aviva/jobs/Apprentice-Software-Development-Technology-0c53992d1b6c4ef5?fccid=354f4c12e3c6bd5a&vjs=3
31,Software Engineer,Bank of America,,Bromley+2 locations,/rc/clk?jk=1388b8e68ddbfcde&fccid=5bd99dfa21c8a490&vjs=3
32,Software Engineer – CFD Solver Development,Siemens,,London,/rc/clk?jk=e969f6f3918d729d&fccid=ea6bb53f0b18b8f2&vjs=3
33,Python Software Engineer,,"£55,000 - £70,000 a year",Bristol,/company/Okko-Health/jobs/Python-Software-Engineer-80eedec097220c76?fccid=b6f0628e9b00b3dc&vjs=3
34,Junior Software Engineer (Hybrid),S&P Global,,Inverness,/rc/clk?jk=b9aa7da5b4b7bec3&fccid=b716e44d2c6283e7&vjs=3
35,Development or Graduate Development Engineer,BorgWarner,,Gillingham,/rc/clk?jk=bf69b4498fc918ba&fccid=5c101bc4ec676514&vjs=3
36,Software Engineer - Web Development,Siemens,,Sheffield S6 2LR,/rc/clk?jk=3a14f8d6123c7d48&fccid=ea6bb53f0b18b8f2&vjs=3
37,Development / Software Operations Support Engineer,Yunex Limited,,Wigan,/rc/clk?jk=e2a5f45da067c54d&fccid=ea6bb53f0b18b8f2&vjs=3
38,Graduate Software Engineer - 2022 intake,,,Uxbridge UB8 1JG,/rc/clk?jk=431452cb5d5f1bdc&fccid=fac77e7f0ba2c8ed&vjs=3
39,Software Development Engineer,Amadeus,,London,/rc/clk?jk=70ed4d8b7bed80a1&fccid=d116fab42b834cb9&vjs=3
40,Software Engineer - Fullstack,"JPMorgan Chase Bank, N.A.",,Glasgow,/rc/clk?jk=90a586aa204726bd&fccid=aaf3b433897ea465&vjs=3
41,NFT Lead Software Engineer,MasterCard,,Hybrid remote in Rickmansworth,/rc/clk?jk=80e82de3c746eae2&fccid=10b5c722d846df43&vjs=3
42,Software Development Engineer,Amazon Dev Centre (London) Ltd,,London,/rc/clk?jk=566865703cce9ee2&fccid=fe2d21eef233e94a&vjs=3
43,"Software Engineer, Graphics, Stadia",Google,,Remote in London,/rc/clk?jk=7cf6284bf7e16c10&fccid=a5b4499d9e91a5c6&vjs=3
44,"Software Development Engineer, AWS",Amazon EU SARL (UK Branch),,London,/rc/clk?jk=6ad7142aafe1ce0a&fccid=fe2d21eef233e94a&vjs=3
45,New Grad Software Engineer - UK,Ciena,,Reading,/rc/clk?jk=c72ef22843d20f4b&fccid=144a39be55e8440b&vjs=3
46,Senior Software Engineer (OpenGL),Expleo,,Templecombe,/rc/clk?jk=3f4a0674202cfa5a&fccid=8f5cb52d4dd4f2ad&vjs=3
47,Senior Software Engineer - Virtual Agent Development,"JPMorgan Chase Bank, N.A.",,Remote in Glasgow,/rc/clk?jk=9674a48366eb3dec&fccid=aaf3b433897ea465&vjs=3
48,Software Development Engineer,,,Birchwood,/company/Flexera/jobs/Software-Development-Engineer-ca212bc92a67f2e4?fccid=29d58c4de47cb916&vjs=3
49,Digital Research Graduate Programme (Software Engineer) (Fix...,University of Nottingham,"£27,924 - £30,497 a year",Nottingham,/rc/clk?jk=60c765399dacd278&fccid=3098ea97eecfc572&vjs=3
50,Senior Software Development Engineer - C# & Automation,Capital One - UK,,Hybrid remote in Nottingham,/rc/clk?jk=43375b8dcb5f5205&fccid=b85c5070c3d3d8c8&vjs=3
51,Software Engineer,National Grid,"£38,000 - £45,000 a year",Wokingham RG41 5BN,/rc/clk?jk=81717eebf3f461b1&fccid=79d765fbdf57b7d6&vjs=3
52,Graduate Desktop Software Engineer,Schlumberger,,Abingdon,/rc/clk?jk=ea81447d0be73c16&fccid=1a6c05c38b3b5549&vjs=3
53,Software Development Engineer - AWS S3,Evi Technologies Limited,,Cambridgeshire,/rc/clk?jk=fbe87b368ab8270b&fccid=fe2d21eef233e94a&vjs=3
54,Graduate/Junior Software Engineer,Expleo,,Bristol,/rc/clk?jk=da794723efce173f&fccid=8f5cb52d4dd4f2ad&vjs=3
55,Software Engineer - C# /.net,Bank of America,,Bromley,/rc/clk?jk=29bf4782565f19a5&fccid=5bd99dfa21c8a490&vjs=3
56,CAE Geometry Engineer - Development Support / Student Intern...,Siemens Industry Software Limited,,Remote in London,/rc/clk?jk=847ae303c3af4bac&fccid=ea6bb53f0b18b8f2&vjs=3
57,Software Development Engineer -Self Service Check in,Amadeus,,London,/rc/clk?jk=3fc5d8eb17faeb29&fccid=d116fab42b834cb9&vjs=3
58,Software Development Engineer - Services,Capital One - UK,,Hybrid remote in London+1 location,/rc/clk?jk=eecb6684172f305e&fccid=b85c5070c3d3d8c8&vjs=3
59,Software Engineering - Graduate Programme,NatWest Group,"£31,850 a year",Edinburgh,/rc/clk?jk=6695df76e0d6f509&fccid=4a3a2b1eb3ec0691&vjs=3
60,Mid-Senior Software Engineer,Coop,"£43,300 - £48,800 a year",Remote in Manchester,/rc/clk?jk=bbf8dbe7759f53f6&fccid=8f3114306880a2ec&vjs=3
61,Graduate Software Development Engineer,Filtronic PLC,,Sedgefield,/rc/clk?jk=85f9fd6345c0f832&fccid=f8c464a53880c055&vjs=3
62,"Software Development Engineer - S3, S3 Customcompute",Evi Technologies Limited,,Cambridgeshire,/rc/clk?jk=d60404de0a7af38a&fccid=fe2d21eef233e94a&vjs=3
63,Summer Intern - Software Engineering and Testing,Visa,,Reading,/rc/clk?jk=a0c03470c7fbb389&fccid=a3f737e511d9fc8c&vjs=3
64,Software Development Engineer - Multiple Teams,Amazon Dev Centre(Scotland)Ltd,,Edinburgh,/rc/clk?jk=851138b39a38b6e8&fccid=fe2d21eef233e94a&vjs=3
65,Software Development Engineer,Amazon Dev Centre(Scotland)Ltd,,Edinburgh,/rc/clk?jk=18baec50e2d5ba63&fccid=fe2d21eef233e94a&vjs=3
66,"Software Engineer, Site Reliability Engineering, University...",Google,,London,/rc/clk?jk=985a905102fbf38a&fccid=a5b4499d9e91a5c6&vjs=3
67,Software Engineer in Test (SET),Megger,"£35,000 - £45,000 a year",Dover CT17 9EN,/rc/clk?jk=165e519cdb5a5f30&fccid=5cf974a597ae2b5c&vjs=3
68,"Graduate Software Engineer, Defence - 2022 Start",,,London,/rc/clk?jk=231ee2e9e7f28b3f&fccid=38e699803803146d&vjs=3
69,Graduate Software Engineer (starting Q1 2022),Autodesk,,Birmingham,/rc/clk?jk=77b450b6d651f05f&fccid=7136762d065a5ad7&vjs=3
70,"Software Engineer, Stadia Porting",Google,,Remote in London,/rc/clk?jk=c20082174ecacf69&fccid=a5b4499d9e91a5c6&vjs=3
71,Metaverse Software Engineer,Procter & Gamble,,Weybridge,/rc/clk?jk=629e66686be5a9ab&fccid=2da0dedf6df97194&vjs=3
72,Software Development Engineer II,,,London W4 5YB,/rc/clk?jk=2abbb8fb6113e6a7&fccid=0ba57902938c9384&vjs=3
73,C++ Software Engineer,Schlumberger,,Abingdon,/rc/clk?jk=8b97ace5fc107bbc&fccid=1a6c05c38b3b5549&vjs=3
74,"Software Development Engineer, AWS Billing",Amazon UK Services Ltd.,,London,/rc/clk?jk=c7acdbd4b376e5e7&fccid=fe2d21eef233e94a&vjs=3
